<?xml version="1.0" encoding="UTF-8"?>
<site>
   <description url="http://subclipse.tigris.org/update_1.10.x">
      Eclipse Install/Update site for Subclipse
   </description>
   <feature url="features/org.tigris.subversion.subclipse.mylyn_3.0.0.jar" id="org.tigris.subversion.subclipse.mylyn" version="3.0.0">
      <category name="Subclipse"/>
   </feature>
   <feature url="features/org.tigris.subversion.subclipse.graph.feature_1.1.1.jar" id="org.tigris.subversion.subclipse.graph.feature" version="1.1.1">
      <category name="Subclipse"/>
   </feature>
   <feature url="features/com.collabnet.subversion.merge.feature_4.1.0.jar" id="com.collabnet.subversion.merge.feature" version="4.1.0">
      <category name="Subclipse"/>
   </feature>
   <feature url="features/org.tigris.subversion.clientadapter.feature_1.10.3.jar" id="org.tigris.subversion.clientadapter.feature" version="1.10.3">
      <category name="Subclipse"/>
   </feature>

   <feature url="features/org.tmatesoft.svnkit_1.8.10.r10446_v20150526_1454.jar" id="org.tmatesoft.svnkit" version="1.8.10.r10446_v20150526_1454">
      <category name="SVNKit"/>
   </feature>

   <feature url="features/net.java.dev.jna_4.1.0.v06022015_1911.jar" id="net.java.dev.jna" version="4.1.0.v06022015_1911">
      <category name="SVNKit"/>
   </feature>

   <feature url="features/org.tigris.subversion.clientadapter.svnkit.feature_1.8.9.jar" id="org.tigris.subversion.clientadapter.svnkit.feature" version="1.8.9">
      <category name="SVNKit"/>
   </feature>
   
   <feature url="features/org.tigris.subversion.clientadapter.javahl.feature_1.8.14.jar" id="org.tigris.subversion.clientadapter.javahl.feature" version="1.8.14">
      <category name="Subclipse"/>
   </feature>

   <feature url="features/org.tigris.subversion.subclipse_1.10.10.jar" id="org.tigris.subversion.subclipse" version="1.10.10">
      <category name="Subclipse"/>
   </feature>

   <category-def name="Subclipse" label="Subclipse">
      <description>
         Subversion 1.8 plug-in for Eclipse 3.2 and higher.
      </description>
   </category-def>
   <category-def name="SVNKit" label="SVNKit">
      <description>
         SVNKit Library support for Subversion 1.8.x API
      </description>
   </category-def>
</site>
